1,Aubrey Fells,870 International Pass,China,afells0@nsw.gov.au
2,Enrico Rosenschein,60 Debra Street,Philippines,erosenschein1@ted.com
3,Linet Boyne,6422 Ludington Alley,Indonesia,lboyne2@reverbnation.com
4,Astrid Portlock,37 Rusk Street,Russia,aportlock3@macromedia.com
5,Israel Yitzhakov,286 Summerview Court,Russia,iyitzhakov4@shinystat.com
6,Kristine Bradnam,3 Melby Alley,Brazil,kbradnam5@unesco.org
7,Horst Coveny,221 Coleman Trail,China,hcoveny6@technorati.com
8,Terence Galtone,5 Delladonna Circle,China,tgaltone7@apache.org
9,Hillary Waudby,15367 Elmside Center,China,hwaudby8@cnbc.com
10,Thedrick Crates,7 Commercial Hill,Nigeria,tcrates9@indiegogo.com
11,Yulma Praundl,50026 Monterey Parkway,Mauritius,ypraundla@tiny.cc
12,Gibby Crowley,67 Hauk Place,Luxembourg,gcrowleyb@ft.com
13,Franklin Bradder,66 Waywood Hill,Niger,fbradderc@clickbank.net
14,Tim Iorio,8 Hansons Avenue,United States,tioriod@berkeley.edu
15,Evelina Foulcher,70876 Sunnyside Center,Poland,efoulchere@ed.gov
16,Yalonda Syne,70077 Prentice Circle,United States,ysynef@meetup.com
17,Chandal Lissett,6 Mandrake Hill,China,clissettg@goo.gl
18,Emmalynne Klausen,28 Bartillon Pass,Libya,eklausenh@cornell.edu
19,Sawyere Pechacek,0 Nelson Court,Philippines,spechaceki@cloudflare.com
20,Paolo Havard,3 Jenifer Pass,Indonesia,phavardj@fda.gov
21,Tricia Ferrolli,33 Schurz Drive,Indonesia,tferrollik@github.io
22,Reggie Josifovitz,42 Kim Place,China,rjosifovitzl@ted.com
23,Dorotea Gocke,3 Myrtle Road,Tunisia,dgockem@google.nl
24,Amata O'Hannay,500 Marcy Crossing,Philippines,aohannayn@buzzfeed.com
25,Westleigh Basketter,59048 Fairfield Plaza,Czech Republic,wbaskettero@nbcnews.com
26,Heriberto Joslow,65537 Prairie Rose Parkway,Zambia,hjoslowp@boston.com
27,Brendin Becker,75 Algoma Hill,France,bbeckerq@noaa.gov
28,Merissa Farmery,04072 Quincy Pass,China,mfarmeryr@bizjournals.com
29,Matilde Maffy,2339 Vidon Park,China,mmaffys@washingtonpost.com
30,Lothaire Persent,630 Ryan Parkway,Indonesia,lpersentt@nydailynews.com
31,Jeannine Hastilow,7734 Sunnyside Crossing,China,jhastilowu@sourceforge.net
32,Cassie Nutter,99445 Eagle Crest Alley,Philippines,cnutterv@imgur.com
33,Daveta Brompton,143 Dennis Parkway,Sweden,dbromptonw@mayoclinic.com
34,Timmy Gullick,78407 Roth Circle,Ireland,tgullickx@princeton.edu
35,Vina Zoellner,78842 Dayton Crossing,Bangladesh,vzoellnery@amazonaws.com
36,Derrik Thebeaud,30263 Mendota Point,China,dthebeaudz@jalbum.net
37,Dynah Sarfati,94 Tomscot Plaza,France,dsarfati10@acquirethisname.com
38,Storm Renn,7 Kinsman Circle,Argentina,srenn11@theguardian.com
39,Marjie Widdocks,3633 Merrick Way,Philippines,mwiddocks12@xrea.com
40,Casey Ambridge,849 Dakota Drive,Mexico,cambridge13@spiegel.de
41,Caty Kneel,482 Bluestem Court,Brazil,ckneel14@zdnet.com
42,Simeon McSharry,33 Nobel Center,Indonesia,smcsharry15@twitter.com
43,Ninon Kliemke,97 Elka Trail,Indonesia,nkliemke16@techcrunch.com
44,Cecelia Fancutt,3 Beilfuss Drive,France,cfancutt17@arstechnica.com
45,Orv Cherry,0 Green Ridge Circle,Ireland,ocherry18@java.com
46,Wilt Geillier,9 Drewry Trail,Sweden,wgeillier19@ca.gov
47,Irwin Brithman,4542 Dawn Lane,Saint Vincent and the Grenadines,ibrithman1a@bloglines.com
48,Damian Wilcher,5 Delaware Terrace,Peru,dwilcher1b@washington.edu
49,Ginnie Sherrott,9 Gulseth Way,Indonesia,gsherrott1c@vinaora.com
50,Fionnula Beek,93 Columbus Pass,Indonesia,fbeek1d@ovh.net
51,Kelsy Pleager,0 Rutledge Drive,Finland,kpleager1e@theatlantic.com
52,Oliy Schimaschke,04109 Dahle Lane,Indonesia,oschimaschke1f@zimbio.com
53,Juliane Alliott,2 Di Loreto Hill,Syria,jalliott1g@timesonline.co.uk
54,Shauna Kerfut,977 Cambridge Way,Thailand,skerfut1h@tiny.cc
55,Cathy Messent,12965 Manitowish Place,Philippines,cmessent1i@wsj.com
56,Abe Rowter,075 Rigney Circle,South Korea,arowter1j@businesswire.com
57,Nadia Luker,0 Washington Avenue,French Polynesia,nluker1k@webeden.co.uk
58,Orelee Slemming,168 Bowman Center,Philippines,oslemming1l@twitter.com
59,Andreana Regler,22 Dahle Parkway,Russia,aregler1m@msn.com
60,Herby Gerwood,0547 1st Point,Indonesia,hgerwood1n@cyberchimps.com
61,Gusta Hardage,3 New Castle Trail,Ukraine,ghardage1o@wikipedia.org
62,Gertrudis Farnsworth,23482 Mandrake Drive,Poland,gfarnsworth1p@livejournal.com
63,Jessica Aylesbury,2 Londonderry Terrace,Philippines,jaylesbury1q@constantcontact.com
64,Chery McBride,37510 Hudson Circle,Indonesia,cmcbride1r@unicef.org
65,Shep Aucutt,608 Dakota Lane,Brazil,saucutt1s@a8.net
66,Alphard Horney,45456 Eagle Crest Crossing,China,ahorney1t@icq.com
67,Andie Grimsdale,1 Sycamore Point,Russia,agrimsdale1u@xrea.com
68,Maurene Pashenkov,47 Corry Street,Portugal,mpashenkov1v@newsvine.com
69,Putnam Pleasaunce,8254 Hollow Ridge Junction,Poland,ppleasaunce1w@uol.com.br
70,Cynde Dowderswell,5 Tony Way,Mexico,cdowderswell1x@japanpost.jp
71,Pru Sperry,5 Pennsylvania Park,Poland,psperry1y@intel.com
72,Chris Wayne,4 Dorton Avenue,China,cwayne1z@gnu.org
73,Sashenka Neild,88866 Debs Way,Indonesia,sneild20@shareasale.com
74,Adele Mowett,52125 Bluejay Trail,Indonesia,amowett21@examiner.com
75,Yancey Sammes,4876 Nancy Junction,Ukraine,ysammes22@cnn.com
76,Eldon Davidsson,6 Susan Point,Iran,edavidsson23@hp.com
77,Amalle Kretschmer,094 Monterey Crossing,Russia,akretschmer24@indiatimes.com
78,Brit Allmond,40 Kedzie Terrace,Czech Republic,ballmond25@yahoo.com
79,Giffard Forte,4830 Hoffman Alley,Indonesia,gforte26@creativecommons.org
80,Cordelia Havik,5499 Hanover Court,Philippines,chavik27@instagram.com
81,Norbert Ounsworth,58 Emmet Parkway,Nigeria,nounsworth28@homestead.com
82,Justen D'Alesco,29510 Bashford Crossing,Norway,jdalesco29@paypal.com
83,Keith Naisbet,96334 Eagle Crest Hill,Sweden,knaisbet2a@t-online.de
84,Shaylyn Edis,1 Wayridge Circle,Lithuania,sedis2b@ovh.net
85,Pepillo Eade,76 Birchwood Avenue,Colombia,peade2c@friendfeed.com
86,Ivory Coopman,737 Center Pass,Indonesia,icoopman2d@china.com.cn
87,Ali Jellyman,2 Calypso Point,Brazil,ajellyman2e@clickbank.net
88,Elfie Bursnell,87161 Gale Crossing,China,ebursnell2f@twitpic.com
89,Brenda Sauven,7616 Washington Avenue,Colombia,bsauven2g@elpais.com
90,Klarrisa Pellingar,8338 Spohn Way,Philippines,kpellingar2h@amazonaws.com
91,Renee Dobrowolny,835 Hazelcrest Crossing,South Africa,rdobrowolny2i@nbcnews.com
92,Clarita Bourrel,9 Shopko Alley,China,cbourrel2j@bloglovin.com
93,Karry Cowie,36 Bonner Center,Netherlands,kcowie2k@uiuc.edu
94,Woodie Nutley,6514 Monterey Park,Palestinian Territory,wnutley2l@mashable.com
95,Sheri Slyman,8531 Talisman Way,United Kingdom,sslyman2m@privacy.gov.au
96,Jobye Aspall,78 Columbus Terrace,Dominican Republic,jaspall2n@gizmodo.com
97,Eleonore Pragnell,8 Dakota Pass,Peru,epragnell2o@biblegateway.com
98,Tabby Dunbobbin,6094 Golf Course Avenue,China,tdunbobbin2p@guardian.co.uk
99,Geri Pichan,8904 Anniversary Lane,South Korea,gpichan2q@webmd.com
100,Jyoti Flores,682 West Drive,Libya,jflores2r@yelp.com